{
  "Enabled": false,
  "Drawn": true,
  "Keybind": "None",
  "DisplayName": "HFAura",
  "Settings": "PLACE",
  "Place": true,
  "PlaceDelay": 0.0,
  "PlaceRange": 6.0,
  "Slient": true,
  "Break": true,
  "PacketBreak": true,
  "BreakDelay": 0.0,
  "BreakRange": 6.0,
  "PredictsBreak": true,
  "FastUpDate": true,
  "Rotate": false,
  "AntiSuicide": true,
  "Raytrace": 3.0,
  "TargetRange": 12.0,
  "MinPlaceDmg": 5.0,
  "MinBreakDmg": 5.0,
  "MaxSelfDmg": 6.0,
  "BreakSwing": "MainHand",
  "Render": true,
  "RenderDmg": true,
  "Box": true,
  "Red": 255,
  "Green": 255,
  "Blue": 255,
  "Alpha": 200,
  "BoxAlpha": 100,
  "LineWidth": 1.0,
  "Outline": true,
  "OL-Red": 255,
  "OL-Green": 255,
  "OL-Blue": 255,
  "OL-Alpha": 200
}