{
  "Enabled": false,
  "Drawn": true,
  "Keybind": "None",
  "DisplayName": "HUD",
  "Gray": true,
  "RenderingUp": false,
  "Watermark": false,
  "ActiveModules": true,
  "Coords": false,
  "Direction": false,
  "Armor": true,
  "Totems": true,
  "Welcomer": false,
  "Speed": true,
  "Potions": true,
  "IP": true,
  "Ping": true,
  "TPS": true,
  "FPS": true,
  "LagNotifier": true,
  "Time": true,
  "ChatTime": true,
  "HitMarkers": false,
  "Info": false,
  "Crystals": true,
  "CrystalX": 0,
  "CrystalY": 122,
  "ExpX": 0,
  "ExpY": 128,
  "Exp": true,
  "Gapples": true,
  "GapplesX": 0,
  "GapplesY": 135,
  "FriendList": false,
  "FriendListY": 173,
  "PlayerViewer": false,
  "PlayerX": 150,
  "PlayerY": 60,
  "PlayerScale": 0.7,
  "BracketColor": "BLUE",
  "NameColor": "BLUE",
  "ChatNotify": true,
  "FutureGui": true,
  "Ordering": "Length",
  "WatermarkPosY": 2,
  "LagTime": 1000
}