{
  "Enabled": false,
  "Drawn": true,
  "Keybind": "Rshift",
  "DisplayName": "�˵�",
  "Settings": "Gui",
  "Prefix": ".",
  "CustomFov": false,
  "Fov": 90.0,
  "Red": 164,
  "Green": 52,
  "Blue": 80,
  "Alpha": 191,
  "AlphaBox": 0,
  "HoverAlpha": 240,
  "Rainbow": false,
  "HUD": "Static",
  "ArrayList": "Up",
  "Delay": 600,
  "Brightness ": 255.0,
  "Saturation": 255.0,
  "Outline": true,
  "Description": false,
  "Snowing": false,
  "Particles": false,
  "ParticleLength": 80,
  "ParticleRed": 255,
  "ParticleGreen": 255,
  "ParticleBlue": 255,
  "Gui Component": true,
  "RedL": 105,
  "GreenL": 162,
  "BlueL": 255,
  "RedR": 143,
  "GreenR": 140,
  "BlueR": 213,
  "AlphaL": 0,
  "AlphaR": 0,
  "Mode": "BLUR",
  "Background Alpha": 160,
  "RedBG": 20,
  "GreenBG": 20,
  "BlueBG": 20
}